case_id,transition,expected_prev,expected_curr,model_prev,model_curr,transition_type
CASE_001,E0->E1,DATABASE,DATABASE,DATABASE,DATABASE,CORRECT_MAINTENANCE
CASE_001,E1->E2,DATABASE,NETWORK,DATABASE,NETWORK,CORRECT_REVERSAL
CASE_001,E2->E3,NETWORK,NETWORK,NETWORK,NETWORK,CORRECT_MAINTENANCE
CASE_002,E0->E1,NETWORK,NETWORK,NETWORK,NETWORK,CORRECT_MAINTENANCE
CASE_002,E1->E2,NETWORK,APPLICATION,NETWORK,APPLICATION,CORRECT_REVERSAL
CASE_002,E2->E3,APPLICATION,APPLICATION,APPLICATION,APPLICATION,CORRECT_MAINTENANCE
CASE_003,E0->E1,APPLICATION,APPLICATION,APPLICATION,CONFIGURATION,PREMATURE_REVERSAL
CASE_003,E1->E2,APPLICATION,CONFIGURATION,CONFIGURATION,CONFIGURATION,RECOVERY_FROM_PREMATURE_ERROR
CASE_003,E2->E3,CONFIGURATION,CONFIGURATION,CONFIGURATION,CONFIGURATION,CORRECT_MAINTENANCE
CASE_004,E0->E1,CONFIGURATION,CONFIGURATION,CONFIGURATION,CONFIGURATION,CORRECT_MAINTENANCE
CASE_004,E1->E2,CONFIGURATION,DATABASE,CONFIGURATION,DATABASE,CORRECT_REVERSAL
CASE_004,E2->E3,DATABASE,DATABASE,DATABASE,DATABASE,CORRECT_MAINTENANCE
CASE_005,E0->E1,DATABASE,DATABASE,DATABASE,DATABASE,CORRECT_MAINTENANCE
CASE_005,E1->E2,DATABASE,APPLICATION,DATABASE,APPLICATION,CORRECT_REVERSAL
CASE_005,E2->E3,APPLICATION,APPLICATION,APPLICATION,APPLICATION,CORRECT_MAINTENANCE
CASE_006,E0->E1,NETWORK,NETWORK,NETWORK,NETWORK,CORRECT_MAINTENANCE
CASE_006,E1->E2,NETWORK,CONFIGURATION,NETWORK,CONFIGURATION,CORRECT_REVERSAL
CASE_006,E2->E3,CONFIGURATION,CONFIGURATION,CONFIGURATION,CONFIGURATION,CORRECT_MAINTENANCE
CASE_007,E0->E1,APPLICATION,APPLICATION,NETWORK,APPLICATION,RECOVERY_FROM_INITIAL_ERROR
CASE_007,E1->E2,APPLICATION,NETWORK,APPLICATION,NETWORK,CORRECT_REVERSAL
CASE_007,E2->E3,NETWORK,NETWORK,NETWORK,NETWORK,CORRECT_MAINTENANCE
CASE_008,E0->E1,CONFIGURATION,CONFIGURATION,CONFIGURATION,CONFIGURATION,CORRECT_MAINTENANCE
CASE_008,E1->E2,CONFIGURATION,APPLICATION,CONFIGURATION,APPLICATION,CORRECT_REVERSAL
CASE_008,E2->E3,APPLICATION,APPLICATION,APPLICATION,APPLICATION,CORRECT_MAINTENANCE
CASE_009,E0->E1,DATABASE,DATABASE,DATABASE,DATABASE,CORRECT_MAINTENANCE
CASE_009,E1->E2,DATABASE,CONFIGURATION,DATABASE,CONFIGURATION,CORRECT_REVERSAL
CASE_009,E2->E3,CONFIGURATION,CONFIGURATION,CONFIGURATION,CONFIGURATION,CORRECT_MAINTENANCE
CASE_010,E0->E1,NETWORK,NETWORK,NETWORK,NETWORK,CORRECT_MAINTENANCE
CASE_010,E1->E2,NETWORK,DATABASE,NETWORK,DATABASE,CORRECT_REVERSAL
CASE_010,E2->E3,DATABASE,DATABASE,DATABASE,DATABASE,CORRECT_MAINTENANCE
