case_id,expected_e0,expected_e1,expected_e2,expected_e3,decision_e0,decision_e1,decision_e2,decision_e3,rationale_e0,rationale_e1,rationale_e2,rationale_e3,error
CASE_001,DATABASE,DATABASE,NETWORK,NETWORK,DATABASE,DATABASE,NETWORK,NETWORK,"High DB CPU and increased query latency coincide with API timeouts, while the application and network show no issues, indicating the database is the likely source of the problem.","API timeouts coincide with high DB CPU and increased query latency, and the DB is slow even when accessed directly, while network metrics are normal and the application shows no resource issues, indicating the database is the source of the problem.","Packet capture shows sustained ~35% loss on the path between application servers and the DB subnet, directly linking the observed API timeouts and increased DB query latency to a network issue; no other evidence points to a primary database, application, or configuration fault.","Packet captures and monitoring show ~35% loss on the path between application servers and the DB subnet that aligns exactly with API timeouts and DB latency spikes, while a maintenance host using a different path sees no issues; thus the network is the most likely cause.",
CASE_002,NETWORK,NETWORK,APPLICATION,APPLICATION,NETWORK,NETWORK,APPLICATION,APPLICATION,"Intermittent latency and HTTP 500 errors coincide with observed elevated network latency, indicating the network is the most likely source of the problem.","Evidence shows elevated network latency coinciding with intermittent latency and HTTP 500 errors, while successful requests have normal latency and no packet loss, pointing to a network issue as the most likely cause.","Application logs show a deterministic NullPointerException for the failing request pattern, directly explaining the HTTP 500 errors and latency; network probes are healthy and no packet loss is observed, indicating the issue originates in the application code rather than network, database, or configuration.","Deterministic NullPointerException in the request handler reproduces locally and matches failing requests, while network probes are healthy, indicating the failure originates from the application code rather than network, database, or configuration.",
CASE_003,APPLICATION,APPLICATION,CONFIGURATION,CONFIGURATION,APPLICATION,CONFIGURATION,CONFIGURATION,CONFIGURATION,"The errors began immediately after deploying a new application version and logs show repeated initialization failures, while no database or network issues were observed, indicating the problem originates from the application itself.","The application fails only in the deployment environment despite no database or network issues, while the same binary runs correctly elsewhere using the same services, indicating an environment-specific configuration problem.","The same binary runs correctly elsewhere, indicating the code and external services are fine. The only difference is a runtime configuration where a required feature flag is set to an unsupported value, directly causing initialization failures.","Initialization failures were caused by an unsupported feature flag value in the runtime configuration; correcting the flag fixed the issue, indicating a configuration problem rather than database, network, or application code.",
CASE_004,CONFIGURATION,CONFIGURATION,DATABASE,DATABASE,CONFIGURATION,CONFIGURATION,DATABASE,DATABASE,"Performance degraded after a configuration change to connection-pool settings, indicating the slowdown is most likely due to the misconfiguration of the connection pool.","The slowdown began after a connection-pool configuration change, and reverting that setting on one instance restored performance, indicating the configuration change caused the issue.","DB-side storage latency is elevated for multiple services while network and application metrics are normal, indicating the slowdown originates from the database rather than network, application code, or configuration alone.","Evidence shows elevated DB storage latency affecting multiple services, normal network/app metrics, and recovery after DB-side remediation, indicating the root cause lies in the database layer.",
CASE_005,DATABASE,DATABASE,APPLICATION,APPLICATION,DATABASE,DATABASE,APPLICATION,APPLICATION,"Elevated DB CPU and query latency causing slow transactions and timeouts, while the application CPU is normal, point to a database performance issue.","Elevated DB CPU and query latency directly cause slow transactions and timeouts, while the application and infrastructure show no issues, pointing to a database performance problem.","Evidence shows DB latency and CPU spikes caused by malformed SQL generated by the application for a specific transaction type, indicating the application logic is the source of the slowdown.","Evidence shows the application generates malformed SQL for a specific transaction type, leading to high DB latency and timeouts; correcting the query in the application resolves the issue, indicating an application-level bug.",
CASE_006,NETWORK,NETWORK,CONFIGURATION,CONFIGURATION,NETWORK,NETWORK,CONFIGURATION,CONFIGURATION,"Intermittent connection attempts to a dependency frequently time out, indicating a connectivity issue typical of network problems.","Intermittent connection timeouts coincide with elevated latency and packet loss on the affected network path, indicating a network problem.","Intermittent connection timeouts coincide with elevated latency and packet loss on the affected path, and the only difference is a distinct firewall rule and endpoint configuration, indicating a misconfiguration is the most likely cause.","The failure was due to a misconfigured firewall rule and endpoint settings; restoring these configurations fixed connectivity without any network infrastructure changes, indicating a configuration issue.",
CASE_007,APPLICATION,APPLICATION,NETWORK,NETWORK,NETWORK,APPLICATION,NETWORK,NETWORK,"The job fails when contacting a remote service and logs show request failures and retries, indicating connectivity or communication problems typical of a network issue.","The remote service works for another application, indicating network and service availability are fine. The failure is isolated to a specific job implementation, pointing to a problem in that application's code rather than external factors.","Packet capture shows TCP retransmissions and packet loss on the route used by the failing job, while an alternate network path works; this points to a network issue as the primary cause.","Packet capture shows TCP retransmissions and loss on the route used by the failing job, and moving the job to an alternate network path eliminates the failures, indicating a network path issue as the root cause.",
CASE_008,CONFIGURATION,CONFIGURATION,APPLICATION,APPLICATION,CONFIGURATION,CONFIGURATION,APPLICATION,APPLICATION,"The application crashes immediately following a configuration or deployment change, while network and database behavior remain normal, indicating the change itself is the likely cause.","The crash follows a configuration/deployment change and is resolved by reverting the configuration, with no network or database issues observed, indicating a configuration-related root cause.","The stack trace points to deterministic application logic causing crashes on a specific request, which occurs even with the original configuration, indicating an application bug rather than a configuration, network, or database issue.","Evidence shows the crash is tied to deterministic application logic (E2) and is resolved by an application code fix (E3) while configuration remains unchanged, indicating an application bug as the root cause.",
CASE_009,DATABASE,DATABASE,CONFIGURATION,CONFIGURATION,DATABASE,DATABASE,CONFIGURATION,CONFIGURATION,"Application sees connection failures and high query latency, and DB health metrics are degraded, indicating the database itself is problematic.","DB health metrics are degraded and connection failures coincide with elevated DB latency, while network connectivity remains available, indicating the database itself is the likely source of the issue.","The affected service’s unusually low connection‑pool timeout causes it to fail when DB latency spikes, while other services work fine; network is fine and DB health is generally degraded but not the direct cause for this service’s failures.","The failures were tied to the service's connection‑pool settings (excessively low timeout). The database itself was healthy for other services, and fixing the pool parameters resolved the issue, indicating a configuration problem.",
CASE_010,NETWORK,NETWORK,DATABASE,DATABASE,NETWORK,NETWORK,DATABASE,DATABASE,"Intermittent timeouts occur during database communication, and evidence notes elevated network latency and failed connection attempts, indicating a network issue as the primary cause.","Intermittent application timeouts align with observed network latency spikes and failed connection attempts, indicating the network is the primary cause.","Evidence E2 shows storage I/O saturation on the database causing sharp query latency increases for multiple hosts while network probes are normal, indicating the database as the primary source of the timeouts despite earlier observed network latency spikes.","Evidence shows that when database storage I/O became saturated, query latency spiked and application timeouts occurred, while network probes were normal; once I/O normalized, query latency and timeouts resolved without network changes, indicating the database I/O saturation was the primary cause.",
CASE_011,DATABASE,APPLICATION,APPLICATION,APPLICATION,DATABASE,APPLICATION,APPLICATION,APPLICATION,"High database CPU and elevated query latency directly explain the slow order processing, while application resources are normal, indicating the issue originates in the database layer.","A specific request type creates an invalid query that overloads the database, while normal queries run fine; this points to a flaw in the application’s query generation rather than the database, network, or configuration.","A specific request type generates a malformed query that overloads the database, while normal queries run fine; the query can be reproduced locally, indicating the problem originates in the application logic rather than the database, network, or configuration.","The issue stems from a specific request type that builds malformed queries, causing high DB CPU and latency; fixing the request-building logic (application code) resolves the problem, indicating an application-level cause.",
CASE_012,NETWORK,CONFIGURATION,CONFIGURATION,CONFIGURATION,NETWORK,CONFIGURATION,CONFIGURATION,CONFIGURATION,Frequent timeouts to an external service and elevated latency on the host indicate a network‑related problem.,"Timeouts and elevated latency occur only on the affected host while another host has a healthy path, and the affected host uses a different proxy endpoint and routing configuration, indicating a misconfiguration is the most likely cause.","The affected host alone experiences timeouts despite a healthy network path from other hosts; it uses a different proxy endpoint and routing configuration, and restoring the known‑good endpoint configuration resolves the issue, indicating a configuration problem.","Timeouts and latency were isolated to one host, which had a different proxy endpoint and routing configuration; correcting the endpoint configuration restored connectivity while network monitoring stayed normal, indicating a configuration issue.",
CASE_013,APPLICATION,DATABASE,DATABASE,DATABASE,APPLICATION,DATABASE,DATABASE,DATABASE,"Logs show longer request durations after a release, indicating the slowdown originates from the application processing rather than external factors.","Both the reporting application and independent clients experience slower query execution while application code and host metrics are normal, indicating the database is the source of the performance degradation.","Elevated database storage latency (E2) caused slow query performance observed by multiple clients (E1) and the reporting application (E0), while application code and host metrics were normal, pointing to a database issue.","Elevated database storage latency coincided with slow queries from multiple clients and application slowdown, and fixing the storage restored performance, indicating the database as the root cause.",
CASE_014,CONFIGURATION,NETWORK,NETWORK,NETWORK,CONFIGURATION,NETWORK,NETWORK,NETWORK,"The service fails to reach a remote endpoint after deployment and the obvious suspect is a recently changed endpoint setting, indicating a configuration issue.","Packet captures reveal loss and retransmissions on the network path, and the endpoint configuration matches a healthy instance, pointing to a network issue as the most likely cause.","Packet captures show loss and retransmissions on the network path, and the same loss occurs for a healthy instance when it uses that path, indicating the problem lies in the network rather than the endpoint configuration or application.","Packet captures show loss and retransmissions on the network path, the same loss occurs on a healthy instance using that path, and changing the network route eliminates the failures, indicating a network issue.",
CASE_015,NETWORK,APPLICATION,APPLICATION,APPLICATION,NETWORK,APPLICATION,APPLICATION,APPLICATION,"Intermittent failures and increased latency coincide with elevated network latency, directly implicating the network as the likely cause.","The failing payload fails even when tested locally without network, indicating the problem lies in how the application processes that payload rather than network issues; the intermittent latency may be a symptom but the specific payload failure points to an application bug.","The failing payload triggers a deterministic exception identified by application tracing and reproduces locally without network involvement, indicating an application-level bug despite observed network latency.","Tracing showed a deterministic exception triggered by a specific payload, which persisted even without network access and was resolved by a code change, indicating an application bug as the root cause.",
CASE_016,DATABASE,CONFIGURATION,CONFIGURATION,CONFIGURATION,DATABASE,CONFIGURATION,CONFIGURATION,CONFIGURATION,"Evidence shows elevated database latency causing request timeouts, indicating the database as the primary source of the issue.","Requests time out due to the service's unusually short connection timeout and aggressive pool limits, while the database itself is healthy for other clients, indicating a configuration issue.","The failures are due to the service's unusually short connection timeout and aggressive pool limits; fixing the timeout resolves the issue while the database remains healthy for other clients, indicating a configuration problem rather than a database, network, or application defect.","The failures were caused by the service's unusually short connection timeout and aggressive pool limits; adjusting the timeout resolved the issue without any change to the database, indicating a configuration problem rather than a database, network, or application defect.",
CASE_017,APPLICATION,NETWORK,NETWORK,NETWORK,NETWORK,NETWORK,NETWORK,NETWORK,"The worker repeatedly fails when downloading objects and logs show request errors, indicating failures in network communication.","Failures occur only on the original network route where packet loss is observed, and succeed on an alternate path, indicating a network issue.","Failures occur only on a specific network route with observed packet loss, and the same worker works when using an alternate path, indicating a network issue.","Failures are tied to packet loss on a specific network route; using an alternate route resolves the issue, indicating a network problem.",
CASE_018,CONFIGURATION,DATABASE,DATABASE,DATABASE,CONFIGURATION,CONFIGURATION,DATABASE,DATABASE,"The service slowdown followed a configuration deployment, with the only notable change being connection-pool parameters, indicating the issue stems from the configuration change.","The slowdown began after a configuration deployment that altered connection-pool settings, and the same latency increase appears across multiple apps using the same database, with elevated storage latency indicating the change impacted DB access. The evidence points to the configuration change as the primary cause.","Elevated database storage latency is observed across multiple applications and persists despite rolling back the service configuration, indicating the slowdown originates from the database rather than the recent configuration change.","Multiple apps using the same DB experienced higher query latency, storage latency was elevated, rolling back the service config had no effect, and fixing the database restored performance, indicating the database is the root cause.",
CASE_019,DATABASE,NETWORK,NETWORK,NETWORK,DATABASE,NETWORK,NETWORK,NETWORK,"Database requests are timing out and latency is high, indicating the database itself is overloaded and causing the incident.","Database works from other network segment, but the affected segment shows packet loss and retransmissions causing timeouts, indicating a network issue.","Database timeouts and high latency occur only from the affected segment, while the DB is responsive from another segment and its own metrics are normal; packet captures show retransmissions and packet loss, pointing to a network issue.","Timeouts and high latency were due to packet loss and retransmissions on the affected network path; the database itself showed normal metrics and worked from other segments, and restoring the network path resolved the issue.",
CASE_020,NETWORK,DATABASE,DATABASE,DATABASE,NETWORK,DATABASE,DATABASE,DATABASE,"Evidence shows slow database requests combined with elevated network latency, indicating the issue is likely due to network problems.","E1 shows slow queries even from a local host with no network path and elevated storage latency, indicating the database itself is the bottleneck; the network latency noted in E0 does not explain the local slowdown.","Evidence shows elevated database storage latency and slow queries even from a local host with no network path, while network latency later returned to normal, indicating the issue originates in the database rather than the network.","Evidence shows that queries remain slow even locally without network involvement, network latency normalizes while slowness persists, and restoring database storage eliminates the issue, indicating the root cause is the database storage layer.",
CASE_021,APPLICATION,APPLICATION,CONFIGURATION,CONFIGURATION,APPLICATION,CONFIGURATION,CONFIGURATION,CONFIGURATION,"Startup initialization errors recorded in the application log indicate a problem within the application itself (e.g., code or initialization logic), rather than external database, network, or configuration issues.","The same binary starts successfully elsewhere, indicating the code and binary are functional; the failure only occurs in this environment, pointing to environment-specific settings or configuration causing the initialization errors.","The failure occurs only in the environment with an unsupported runtime setting consumed during initialization, while the same binary runs fine elsewhere, indicating a configuration issue.","Startup fails due to an unsupported runtime setting in the environment; correcting the setting fixes the issue, indicating a configuration problem rather than code, database, network, or other causes.",
CASE_022,DATABASE,DATABASE,NETWORK,NETWORK,DATABASE,DATABASE,NETWORK,NETWORK,"Evidence shows slow database queries and elevated database CPU, directly indicating a database performance issue.","Slow queries and high DB CPU indicate a database performance problem, and the correlation between query latency and application timeouts points to the database as the source of the incident.","Packet capture shows sustained loss between the application and database subnets, causing query latency and timeouts, while the database is reachable and healthy from other segments, indicating a network issue as the primary cause.",Packet loss between the application and database subnets caused query latency and timeouts; fixing the network eliminated the issue and normalized database load.,
CASE_023,NETWORK,NETWORK,APPLICATION,APPLICATION,NETWORK,NETWORK,APPLICATION,APPLICATION,"Intermittent service failures coincide with periods of elevated network latency, indicating the network is the most likely source of the issue.","Intermittent failures align with periods of elevated network latency, while packet loss is absent and the path remains consistent, pointing to a network performance issue as the most likely cause.","A deterministic exception occurs in the request handler for the failing input and can be reproduced locally, indicating an application bug; network latency is only intermittent and packet loss is not consistent, making network causes unlikely.","A deterministic exception in the request handler for the failing input is reproducible locally, and fixing the handler eliminates the failures without any network changes, indicating an application‑level bug despite observed latency.",
CASE_024,CONFIGURATION,CONFIGURATION,DATABASE,DATABASE,CONFIGURATION,CONFIGURATION,DATABASE,DATABASE,"The slowdown began after a configuration change, with connection settings identified as the primary difference, indicating a misconfiguration is the most likely cause.","The slowdown began after a configuration change to connection settings, and reverting the setting on one instance resolved its issue, indicating the configuration change is the primary cause.","All evidence points to increased storage latency across multiple services using the same database, indicating a database performance issue rather than a client-specific configuration problem.","All evidence points to the database: processing slowdown followed a config change affecting connections, multiple services using the same DB experienced latency, and fixing the DB restored functionality without further config changes.",
CASE_025,APPLICATION,APPLICATION,DATABASE,DATABASE,APPLICATION,APPLICATION,DATABASE,DATABASE,"Errors and slow requests appeared in the transaction service immediately after a deployment, indicating the new code likely introduced bugs or performance regressions.","Errors and slowness began after a deployment while CPU/memory remain normal and the database still handles some requests, indicating the issue likely stems from the new application code rather than database, network, or configuration problems.","Elevated database storage latency causes slow query patterns observed from multiple clients, while application resources are normal, indicating the database as the root cause.","Elevated database storage latency caused slow queries observed by both the service and an independent client, and fixing the database eliminated the issue without changing the application.",
CASE_026,NETWORK,NETWORK,CONFIGURATION,CONFIGURATION,NETWORK,NETWORK,CONFIGURATION,CONFIGURATION,Intermittent connection failures accompanied by elevated latency on the path to the dependency point to a network problem.,"Intermittent connection failures with elevated latency on the specific path to the dependency, while other services on the same network segment are healthy, point to a network issue affecting that route.","The failing service is the only one using a distinct endpoint and firewall configuration, while other services on the same network segment remain healthy and monitoring shows the path is healthy, indicating the issue likely stems from its specific configuration rather than a broader network or application problem.","The failing service uses a distinct endpoint and firewall configuration; restoring the known‑good configuration immediately resolves the connectivity issue, indicating a misconfiguration rather than a network, database, or application fault.",
CASE_027,DATABASE,DATABASE,APPLICATION,APPLICATION,DATABASE,DATABASE,APPLICATION,APPLICATION,"Elevated database query latency directly correlates with the observed slow transactions, indicating the database is the primary source of the slowdown.","Evidence shows elevated database query latency causing slow transactions, with health checks confirming the issue and no storage or infrastructure failures, indicating a database performance problem.","Tracing identified an application code path that creates an inefficient query, which explains the elevated database query latency and the observed slow transactions.","Tracing identified an application code path that creates an inefficient query, and replacing that query resolves the slowdown, indicating the application logic is the source of the elevated query latency.",
CASE_028,CONFIGURATION,CONFIGURATION,NETWORK,NETWORK,CONFIGURATION,APPLICATION,NETWORK,NETWORK,"The service lost connectivity after a deployment and the initial suspicion is a changed endpoint configuration, pointing to a misconfiguration as the likely cause.","The loss of connectivity occurred after a deployment, and the suspected endpoint configuration was verified to be correct, indicating the issue likely stems from a change in the application itself rather than database, network, or configuration factors.","Packet capture shows loss and retransmissions on the network route, indicating a network problem; endpoint configuration matches healthy instances, ruling out configuration issues.","Packet loss and retransmissions on the specific network route (E2) and restoration of connectivity when the service is moved to a healthy route (E3) indicate a network issue, while the endpoint configuration matches healthy instances (E1), ruling out configuration problems.",
CASE_029,APPLICATION,APPLICATION,NETWORK,NETWORK,UNCERTAIN,NETWORK,NETWORK,NETWORK,"The logs only show repeated request failures when a background worker tries to retrieve remote data; this could stem from network connectivity, misconfiguration, or an application bug, and the evidence does not allow distinguishing among these possibilities.","The worker can retrieve data locally but consistently fails for remote requests, indicating a problem with network connectivity to the remote service rather than the application logic, database, or configuration.","Remote requests fail while local succeed, and packet capture shows retransmissions and loss on the production route, indicating a network connectivity issue.","Packet loss and retransmissions on the production route caused remote request failures, and using an alternate route eliminated the issue, indicating a network problem.",
CASE_030,NETWORK,NETWORK,DATABASE,DATABASE,NETWORK,APPLICATION,DATABASE,DATABASE,"Application DB requests time out while network latency is elevated, indicating the network is likely causing the delays.","Requests time out while successful database traffic still passes, indicating the database and network are fundamentally reachable; the issue appears to stem from how the application handles or times out its requests rather than a database or network failure.","Evidence shows storage I/O saturation on the database (E2) causing slowdown for all hosts, which aligns with the application timeouts. Although network latency is elevated (E0) and probes abnormal (E1), successful DB requests still traverse the same path, indicating the network is not the primary blocker. The dominant factor is the saturated database I/O, pointing to a DATABASE root cause.","Evidence shows storage I/O saturation (E2) caused query slowdown and timeouts, and fixing the storage (E3) restored performance, indicating a database issue despite elevated network latency.",
CASE_031,DATABASE,DATABASE,DATABASE,APPLICATION,DATABASE,DATABASE,DATABASE,APPLICATION,"Evidence shows transactions are slow due to high database query latency, directly pointing to a database performance issue.","Both pieces of evidence directly indicate high query latency and elevated database metrics during failures, pointing to a database performance issue.","All evidence points to high query latency and elevated database metrics affecting multiple clients, indicating the database as the source of the slowdown.","Although database latency is high and metrics are elevated, tracing shows the failing request uniquely generates an expensive query not seen in healthy clients, indicating the application code is causing the slowdown.",
CASE_032,NETWORK,NETWORK,NETWORK,CONFIGURATION,NETWORK,NETWORK,NETWORK,CONFIGURATION,Intermittent loss of connectivity combined with elevated network latency directly points to a network‑related issue.,"Intermittent connectivity loss, elevated latency, and observed packet loss all indicate a network‑related problem.","Intermittent connectivity, elevated latency, and packet loss affect only the single service while other services on the same network work, indicating a network problem localized to that client.","Only the affected service had a misconfigured proxy endpoint and timeout; fixing this restored connectivity, indicating a configuration error as the root cause.",
CASE_033,APPLICATION,APPLICATION,APPLICATION,NETWORK,NETWORK,NETWORK,NETWORK,NETWORK,"The worker fails when calling a remote service and logs show repeated request errors, indicating a problem with communicating over the network to the external service.","The worker intermittently fails when calling a remote service, with repeated request errors and no deterministic exception, indicating unreliable connectivity rather than a database, application bug, or configuration issue.","The worker experiences intermittent request errors while other clients succeed, indicating a problem specific to the worker's connectivity to the remote service rather than the service itself, pointing to a network issue.","Intermittent request errors are traced to packet loss and retransmissions on the worker's network path, and using an alternate route resolves the issue, indicating a network problem.",
CASE_034,CONFIGURATION,CONFIGURATION,CONFIGURATION,DATABASE,CONFIGURATION,CONFIGURATION,DATABASE,DATABASE,"The slowdown occurred after a configuration deployment and specifically mentions suspected connection-pool settings, indicating a configuration issue.","The slowdown began after a configuration deployment and is linked to connection-pool settings; rolling back a config value partially improves performance, indicating the configuration change is the primary cause.","The slowdown began after a config change affecting connection pools, but rolling back one setting only helped a single instance while multiple services still experience high query latency, indicating the primary issue lies with the database rather than the configuration alone.","Database storage monitoring showed sustained I/O saturation affecting all clients, and fixing the database restored performance, indicating the slowdown was due to a database issue.",
CASE_035,DATABASE,DATABASE,DATABASE,NETWORK,DATABASE,DATABASE,NETWORK,NETWORK,"Database latency is elevated and requests are timing out, directly indicating a database performance issue.","Database requests are timing out with elevated latency (E0) and CPU usage spikes during incidents (E1), directly indicating a database performance issue.","Direct database access from a separate network segment is responsive, while the application path experiences intermittent failures and timeouts, indicating the problem lies in the network path between the application and the database rather than the database itself.","Direct DB access works while the application path shows packet loss and retransmissions, indicating the network path is causing the timeouts despite elevated DB latency and CPU, which appear secondary to the network issue.",
CASE_036,APPLICATION,APPLICATION,APPLICATION,CONFIGURATION,APPLICATION,CONFIGURATION,CONFIGURATION,CONFIGURATION,"The failure occurs during startup of a new application version with initialization errors logged, indicating a problem inherent to the application code rather than external systems.","The application fails only in this environment while the same binary starts successfully elsewhere, indicating the issue stems from environment-specific settings or configuration rather than the application code, database, or network.","The version runs fine in another environment, and database/network are healthy, indicating the failure is due to differing runtime settings/configuration in the failing environment.","The failure is caused by an unsupported feature flag value in the environment; correcting this configuration allows the application to start, while the binary and services are otherwise healthy.",
CASE_037,NETWORK,NETWORK,NETWORK,APPLICATION,NETWORK,NETWORK,APPLICATION,APPLICATION,"Intermittent HTTP errors combined with elevated network latency point to problems in data transmission rather than database, application logic, or configuration, making a network issue the most likely cause.","The symptoms are intermittent HTTP errors and higher latency, while packet loss is not consistently seen and some requests succeed on the same path, indicating variable network performance rather than an application or database fault.","Intermittent HTTP errors with elevated latency occur only for requests sharing a specific input pattern, while packet loss is inconsistent, indicating the issue stems from how the application processes those inputs rather than network, database, or configuration problems.","A deterministic exception occurs for a specific input pattern and reproduces locally without involving the network, indicating an application-level bug rather than network, database, or configuration issues.",
CASE_038,CONFIGURATION,CONFIGURATION,CONFIGURATION,APPLICATION,CONFIGURATION,APPLICATION,APPLICATION,APPLICATION,"The only evidence is that the crash occurred after a deployment and a changed runtime configuration was initially suspected, pointing to a configuration issue as the most likely cause.","The crash began after a deployment and fixing a configuration value only reduced its frequency, not stopped it, indicating the primary cause is likely a code change rather than the configuration itself.","The crash is limited to a specific request and persists even after restoring a configuration value, indicating the problem lies in the application logic rather than the configuration itself.","A deterministic stack trace points to a logic error in the code, and the failure is reproducible locally with the original configuration, indicating the root cause is an application bug rather than configuration, network, or database issues.",
CASE_039,APPLICATION,APPLICATION,APPLICATION,DATABASE,UNCERTAIN,CONFIGURATION,UNCERTAIN,DATABASE,"The evidence only mentions intermittent failures and slow responses after a release, without details linking the issue to database, network, application code, or configuration specifics, so the root cause cannot be determined from the available information.","Intermittent failures and slow responses appeared after a release, while resource usage is normal and failures are not linked to a specific code path, suggesting the issue stems from a change in configuration rather than database, network, or application code problems.","Elevated database query latency is observed, but the evidence does not clearly separate database issues from possible application or network factors, and resource usage appears normal; thus the root cause cannot be confidently identified.","Independent client reproduces query slowdown and storage I/O is saturated, while application resources are normal and logs show no failures, indicating the database I/O bottleneck is the primary cause.",
CASE_040,NETWORK,NETWORK,NETWORK,DATABASE,NETWORK,NETWORK,DATABASE,DATABASE,"Application DB requests time out while network latency is elevated, indicating the problem stems from network performance rather than the database itself.",Elevated network latency and abnormal network probes point to a network problem causing the database request timeouts.,"Initial network latency and abnormal probes suggested a network issue, but once probes recovered the application remained impacted and database query latency stayed high, indicating the primary problem lies with the database.","Initial network latency was observed, but later network metrics normalized while database query latency stayed high; independent DB access also slowed and storage I/O was saturated, indicating the slowdown originates from the database layer.",
